{"type":"text","data":{"proyecto":["proyecto","encargo","especial","de qué va","qué es esto","tiene","explíca","conocer","saber","componentes","programación","maqueta"],"aparcamiento":["aparcamiento","infrarrojos","coche","aparca","cerca","lejos","libre","ocupado","detecta","ocupa"],"iluminacion":["led","luz","noche","oscuro","claro","encender","apagar","farolas","eficiente","ilumina"],"barrera":["app","barrera","aplicación","móvil","bluetooth","comunicación","placa","inventor","comunica","inalámbrico"],"ascensor":["ascensor","parada","mover","sube","baja","parar","motor de giro continuo","qué impulsa","botones","mueve"],"hola":["buenas","hola","qué pasa","qué es esto","ayuda","tardes","días","¿Cómo estás?","como","estás"],"adios":["gracias","adiós","un placer","me ha encantado","qué bien","suerte","muchas gracias","qué chulo","bonito","impresionante"]}}